lot_number,lot_url,district,category,auction_settings,start_price,appraised_price,price_ratio,auction_count,is_suspicious,is_bankruptcy,no_discount,price_below_10pct,price_below_70pct,is_ultra_repeated,seller_lot_count
23331204,https://e-auksion.uz/lot-view?lot_id=23331204,Quva tumani,Tadbirkorlik va shaharsozlik uchun,Ijara huquqi (VM-71),4708750.0,24754184.5,0.19022036456098967,50,1,0,0,0,1,0,1911
23451439,https://e-auksion.uz/lot-view?lot_id=23451439,Qo`shtepa tumani,Yoshlarga dehqon xo‘jaligini yuritish uchun yer uchastkalari,Yoshlarga dehqon xo‘jaligini yuritish uchun yer uchastkalari,4863561.0,24317805.0,0.2,52,1,0,0,0,1,0,3782
23464468,https://e-auksion.uz/lot-view?lot_id=23464468,Buvayda tumani,Dehqon xo‘jaligi yuritish uchun yer uchastkalarini ijaraga berish,Dehqon xo`jaligi yerlari(Auksion),4080668.66,20403343.32,0.1999999998039537,117,1,0,0,0,1,1,3782
23459769,https://e-auksion.uz/lot-view?lot_id=23459769,Rishton tumani,Dehqon xo‘jaligi yuritish uchun yer uchastkalarini ijaraga berish,Dehqon xo`jaligi yerlari(Auksion),1009251.0,5046255.02,0.199999999207333,282,1,0,0,0,1,1,3782
23365326,https://e-auksion.uz/lot-view?lot_id=23365326,Bag`dod tumani,Tadbirkorlik va shaharsozlik uchun,Yer uchastkalari mulk huquqi (71),4728750.0,9510764.0,0.4971998043479998,41,1,0,0,0,1,0,1911
23467111,https://e-auksion.uz/lot-view?lot_id=23467111,Quva tumani,Dehqon xo‘jaligi yuritish uchun yer uchastkalarini ijaraga berish,Dehqon xo`jaligi yerlari(Auksion),4039072.49,20195362.44,0.20000000009903263,51,1,0,0,0,1,0,3782
23334050,https://e-auksion.uz/lot-view?lot_id=23334050,Furqat tumani,Tadbirkorlik va shaharsozlik uchun,Ijara huquqi (VM-71),4218750.0,14475150.0,0.29144775701806197,43,1,0,0,0,1,0,1911
23459896,https://e-auksion.uz/lot-view?lot_id=23459896,Beshariq tumani,Dehqon xo‘jaligi yuritish uchun yer uchastkalarini ijaraga berish,Dehqon xo`jaligi yerlari(Auksion),3717717.74,18588588.72,0.19999999978481425,280,1,0,0,0,1,1,3782
23459501,https://e-auksion.uz/lot-view?lot_id=23459501,Quva tumani,Dehqon xo‘jaligi yuritish uchun yer uchastkalarini ijaraga berish,Dehqon xo`jaligi yerlari(Auksion),2832216.16,14161080.79,0.20000000014123218,302,1,0,0,0,1,1,3782
23465840,https://e-auksion.uz/lot-view?lot_id=23465840,Furqat tumani,Dehqon xo‘jaligi yuritish uchun yer uchastkalarini ijaraga berish,Dehqon xo`jaligi yerlari(Auksion),4978746.44,24893732.2,0.2,52,1,0,0,0,1,0,3782
23466667,https://e-auksion.uz/lot-view?lot_id=23466667,Beshariq tumani,Dehqon xo‘jaligi yuritish uchun yer uchastkalarini ijaraga berish,Dehqon xo`jaligi yerlari(Auksion),9682704.11,48413520.54,0.20000000004131077,52,1,0,0,0,1,0,3782
23333750,https://e-auksion.uz/lot-view?lot_id=23333750,Buvayda tumani,Tadbirkorlik va shaharsozlik uchun,Ijara huquqi (VM-71),4593750.0,15915750.0,0.2886291880684228,45,1,0,0,0,1,0,1911
23465729,https://e-auksion.uz/lot-view?lot_id=23465729,Rishton tumani,Dehqon xo‘jaligi yuritish uchun yer uchastkalarini ijaraga berish,Dehqon xo`jaligi yerlari(Auksion),3633721.2,18168606.0,0.2,28,1,0,0,0,1,0,3782
23272428,https://e-auksion.uz/lot-view?lot_id=23272428,Oltiariq tumani,Tadbirkorlik va shaharsozlik uchun,Ijara huquqi (VM-71),4635000.0,11859168.6,0.39083684163154575,25,1,0,0,0,1,0,1911
23465790,https://e-auksion.uz/lot-view?lot_id=23465790,Oltiariq tumani,Dehqon xo‘jaligi yuritish uchun yer uchastkalarini ijaraga berish,Dehqon xo`jaligi yerlari(Auksion),2111309.2,10556546.0,0.2,52,1,0,0,0,1,0,3782
23466039,https://e-auksion.uz/lot-view?lot_id=23466039,Furqat tumani,Dehqon xo‘jaligi yuritish uchun yer uchastkalarini ijaraga berish,Dehqon xo`jaligi yerlari(Auksion),2399313.32,11996566.6,0.19999999999999998,52,1,0,0,0,1,0,3782
23451360,https://e-auksion.uz/lot-view?lot_id=23451360,Dang`ara tumani,Yoshlarga dehqon xo‘jaligini yuritish uchun yer uchastkalari,Yoshlarga dehqon xo‘jaligini yuritish uchun yer uchastkalari,6492960.14,32464800.72,0.19999999987678962,52,1,0,0,0,1,0,3782
23466118,https://e-auksion.uz/lot-view?lot_id=23466118,Beshariq tumani,Dehqon xo‘jaligi yuritish uchun yer uchastkalarini ijaraga berish,Dehqon xo`jaligi yerlari(Auksion),7598804.4,37994022.0,0.2,52,1,0,0,0,1,0,3782
23465856,https://e-auksion.uz/lot-view?lot_id=23465856,Furqat tumani,Dehqon xo‘jaligi yuritish uchun yer uchastkalarini ijaraga berish,Dehqon xo`jaligi yerlari(Auksion),3885709.6,19428548.0,0.2,52,1,0,0,0,1,0,3782
23457792,https://e-auksion.uz/lot-view?lot_id=23457792,Farg`ona tumani,Dehqon xo‘jaligi yuritish uchun yer uchastkalarini ijaraga berish,Dehqon xo`jaligi yerlari(Auksion),16575878.8,82879394.0,0.2,299,1,0,0,0,1,1,3782
23465562,https://e-auksion.uz/lot-view?lot_id=23465562,Furqat tumani,Dehqon xo‘jaligi yuritish uchun yer uchastkalarini ijaraga berish,Dehqon xo`jaligi yerlari(Auksion),2900475.46,14502377.3,0.19999999999999998,53,1,0,0,0,1,0,3782
23467283,https://e-auksion.uz/lot-view?lot_id=23467283,O`zbekiston tumani,Dehqon xo‘jaligi yuritish uchun yer uchastkalarini ijaraga berish,Dehqon xo`jaligi yerlari(Auksion),4465470.24,22327351.2,0.2,50,1,0,0,0,1,0,3782
23466889,https://e-auksion.uz/lot-view?lot_id=23466889,Oltiariq tumani,Dehqon xo‘jaligi yuritish uchun yer uchastkalarini ijaraga berish,Dehqon xo`jaligi yerlari(Auksion),4076026.42,20380132.1,0.19999999999999998,52,1,0,0,0,1,0,3782
23272466,https://e-auksion.uz/lot-view?lot_id=23272466,Oltiariq tumani,Tadbirkorlik va shaharsozlik uchun,Ijara huquqi (VM-71),4635000.0,33630850.13,0.137819888051697,26,1,0,0,0,1,0,1911
23365337,https://e-auksion.uz/lot-view?lot_id=23365337,Bag`dod tumani,Tadbirkorlik va shaharsozlik uchun,Yer uchastkalari mulk huquqi (71),4660750.0,7648355.0,0.6093794024989687,40,1,0,0,0,1,0,1911
23466887,https://e-auksion.uz/lot-view?lot_id=23466887,Oltiariq tumani,Dehqon xo‘jaligi yuritish uchun yer uchastkalarini ijaraga berish,Dehqon xo`jaligi yerlari(Auksion),5866130.16,29330650.8,0.2,52,1,0,0,0,1,0,3782
23466642,https://e-auksion.uz/lot-view?lot_id=23466642,Beshariq tumani,Dehqon xo‘jaligi yuritish uchun yer uchastkalarini ijaraga berish,Dehqon xo`jaligi yerlari(Auksion),4260959.21,21304796.04,0.20000000009387559,52,1,0,0,0,1,0,3782
23466860,https://e-auksion.uz/lot-view?lot_id=23466860,Farg`ona tumani,Dehqon xo‘jaligi yuritish uchun yer uchastkalarini ijaraga berish,Dehqon xo`jaligi yerlari(Auksion),2486722.0,12433610.0,0.2,52,1,0,0,0,1,0,3782
23449290,https://e-auksion.uz/lot-view?lot_id=23449290,Beshariq tumani,Yoshlarga dehqon xo‘jaligini yuritish uchun yer uchastkalari,Yoshlarga dehqon xo‘jaligini yuritish uchun yer uchastkalari,2078803.0,10394014.98,0.20000000038483684,281,1,0,0,0,1,1,3782
23448975,https://e-auksion.uz/lot-view?lot_id=23448975,Farg`ona tumani,Yoshlarga dehqon xo‘jaligini yuritish uchun yer uchastkalari,Yoshlarga dehqon xo‘jaligini yuritish uchun yer uchastkalari,1835650.87,9178254.33,0.20000000043581273,59,1,0,0,0,1,0,3782
23466192,https://e-auksion.uz/lot-view?lot_id=23466192,Beshariq tumani,Dehqon xo‘jaligi yuritish uchun yer uchastkalarini ijaraga berish,Dehqon xo`jaligi yerlari(Auksion),2629031.33,13145156.64,0.20000000015214728,52,1,0,0,0,1,0,3782
23336003,https://e-auksion.uz/lot-view?lot_id=23336003,Quva tumani,Tadbirkorlik va shaharsozlik uchun,Ijara huquqi (VM-71),4218750.0,12774297.0,0.33025300726920626,35,1,0,0,0,1,0,1911
23461674,https://e-auksion.uz/lot-view?lot_id=23461674,Toshloq tumani,Dehqon xo‘jaligi yuritish uchun yer uchastkalarini ijaraga berish,Dehqon xo`jaligi yerlari(Auksion),1467484.78,7337423.89,0.20000000027257525,267,1,0,0,0,1,1,3782
23459833,https://e-auksion.uz/lot-view?lot_id=23459833,Beshariq tumani,Dehqon xo‘jaligi yuritish uchun yer uchastkalarini ijaraga berish,Dehqon xo`jaligi yerlari(Auksion),3407294.93,17036474.67,0.19999999976520963,281,1,0,0,0,1,1,3782
23468490,https://e-auksion.uz/lot-view?lot_id=23468490,Qo`shtepa tumani,Dehqon xo‘jaligi yuritish uchun yer uchastkalarini ijaraga berish,Dehqon xo`jaligi yerlari(Auksion),4861766.4,24308832.0,0.2,27,1,0,0,0,1,0,3782
23456990,https://e-auksion.uz/lot-view?lot_id=23456990,Quva tumani,Dehqon xo‘jaligi yuritish uchun yer uchastkalarini ijaraga berish,Dehqon xo`jaligi yerlari(Auksion),874241.19,4371205.94,0.2000000004575396,321,1,0,0,0,1,1,3782
23468287,https://e-auksion.uz/lot-view?lot_id=23468287,O`zbekiston tumani,Dehqon xo‘jaligi yuritish uchun yer uchastkalarini ijaraga berish,Dehqon xo`jaligi yerlari(Auksion),4359829.32,21799146.6,0.2,32,1,0,0,0,1,0,3782
23461461,https://e-auksion.uz/lot-view?lot_id=23461461,Buvayda tumani,Dehqon xo‘jaligi yuritish uchun yer uchastkalarini ijaraga berish,Dehqon xo`jaligi yerlari(Auksion),1086151.79,5430758.97,0.19999999926345471,270,1,0,0,0,1,1,3782
23448843,https://e-auksion.uz/lot-view?lot_id=23448843,O`zbekiston tumani,Yoshlarga dehqon xo‘jaligini yuritish uchun yer uchastkalari,Yoshlarga dehqon xo‘jaligini yuritish uchun yer uchastkalari,2138691.76,10693458.81,0.19999999981296976,139,1,0,0,0,1,1,3782
22895545,https://e-auksion.uz/lot-view?lot_id=22895545,Farg`ona shahri,Yengil,Bankrotlik,83301316.02,83301316.02,1.0,1,1,1,1,0,0,0,1
23455208,https://e-auksion.uz/lot-view?lot_id=23455208,Dang`ara tumani,Dehqon xo‘jaliklari tomonidan qishloq xo‘jaligi kooperativini tashkil etish uchun,Dehqon xo`jaligi yerlari(Auksion),7062850.08,35314250.4,0.2,48,1,0,0,0,1,0,3782
23226406,https://e-auksion.uz/lot-view?lot_id=23226406,Farg`ona shahri,Boshqa turdagi mulklar,Bankrotlik,605311.3,605311.3,1.0,29,1,1,1,0,0,0,165
23467207,https://e-auksion.uz/lot-view?lot_id=23467207,Toshloq tumani,Dehqon xo‘jaligi yuritish uchun yer uchastkalarini ijaraga berish,Dehqon xo`jaligi yerlari(Auksion),13718472.76,68592363.8,0.2,50,1,0,0,0,1,0,3782
23451481,https://e-auksion.uz/lot-view?lot_id=23451481,Beshariq tumani,Yoshlarga dehqon xo‘jaligini yuritish uchun yer uchastkalari,Yoshlarga dehqon xo‘jaligini yuritish uchun yer uchastkalari,4563687.74,22818438.72,0.19999999982470318,52,1,0,0,0,1,0,3782
23466210,https://e-auksion.uz/lot-view?lot_id=23466210,Beshariq tumani,Dehqon xo‘jaligi yuritish uchun yer uchastkalarini ijaraga berish,Dehqon xo`jaligi yerlari(Auksion),13862372.83,69311864.16,0.19999999997114493,52,1,0,0,0,1,0,3782
23465838,https://e-auksion.uz/lot-view?lot_id=23465838,Furqat tumani,Dehqon xo‘jaligi yuritish uchun yer uchastkalarini ijaraga berish,Dehqon xo`jaligi yerlari(Auksion),4928821.92,24644109.6,0.19999999999999998,51,1,0,0,0,1,0,3782
23466951,https://e-auksion.uz/lot-view?lot_id=23466951,Quva tumani,Dehqon xo‘jaligi yuritish uchun yer uchastkalarini ijaraga berish,Dehqon xo`jaligi yerlari(Auksion),10268379.0,51341895.0,0.2,51,1,0,0,0,1,0,3782
23455217,https://e-auksion.uz/lot-view?lot_id=23455217,Dang`ara tumani,Dehqon xo‘jaliklari tomonidan qishloq xo‘jaligi kooperativini tashkil etish uchun,Dehqon xo`jaligi yerlari(Auksion),4003913.23,20019566.16,0.19999999990009773,48,1,0,0,0,1,0,3782
23466741,https://e-auksion.uz/lot-view?lot_id=23466741,Beshariq tumani,Dehqon xo‘jaligi yuritish uchun yer uchastkalarini ijaraga berish,Dehqon xo`jaligi yerlari(Auksion),3758614.2,18793071.0,0.2,52,1,0,0,0,1,0,3782
23451588,https://e-auksion.uz/lot-view?lot_id=23451588,Farg`ona tumani,Yoshlarga dehqon xo‘jaligini yuritish uchun yer uchastkalari,Yoshlarga dehqon xo‘jaligini yuritish uchun yer uchastkalari,6110898.95,30554494.74,0.20000000006545685,48,1,0,0,0,1,0,3782
23226362,https://e-auksion.uz/lot-view?lot_id=23226362,Farg`ona shahri,Boshqa turdagi mulklar,Bankrotlik,1425324.6,1425324.6,1.0,28,1,1,1,0,0,0,165
23335381,https://e-auksion.uz/lot-view?lot_id=23335381,Uchko`prik tumani,Tadbirkorlik va shaharsozlik uchun,Ijara huquqi (VM-71),4713750.0,7271439.75,0.6482553884875413,36,1,0,0,0,1,0,1911
23467123,https://e-auksion.uz/lot-view?lot_id=23467123,Quva tumani,Dehqon xo‘jaligi yuritish uchun yer uchastkalarini ijaraga berish,Dehqon xo`jaligi yerlari(Auksion),4771298.66,23856493.3,0.2,51,1,0,0,0,1,0,3782
23465852,https://e-auksion.uz/lot-view?lot_id=23465852,Furqat tumani,Dehqon xo‘jaligi yuritish uchun yer uchastkalarini ijaraga berish,Dehqon xo`jaligi yerlari(Auksion),7091646.4,35458232.0,0.2,52,1,0,0,0,1,0,3782
23460133,https://e-auksion.uz/lot-view?lot_id=23460133,Quva tumani,Dehqon xo‘jaligi yuritish uchun yer uchastkalarini ijaraga berish,Dehqon xo`jaligi yerlari(Auksion),1731238.96,8656194.79,0.2000000002310484,276,1,0,0,0,1,1,3782
23332892,https://e-auksion.uz/lot-view?lot_id=23332892,Beshariq tumani,Tadbirkorlik va shaharsozlik uchun,Yer uchastkalari mulk huquqi (71),4647750.0,23893535.0,0.19451914503232778,50,1,0,0,0,1,0,1911
23451580,https://e-auksion.uz/lot-view?lot_id=23451580,Farg`ona tumani,Yoshlarga dehqon xo‘jaligini yuritish uchun yer uchastkalari,Yoshlarga dehqon xo‘jaligini yuritish uchun yer uchastkalari,6067215.0,30336075.0,0.2,48,1,0,0,0,1,0,3782
23470243,https://e-auksion.uz/lot-view?lot_id=23470243,Uchko`prik tumani,Noturar-joy obyektlari,Odatiy sozlama,2560920076.4,3658457252.0,0.7000000000000001,1,0,0,0,0,0,0,249
23468941,https://e-auksion.uz/lot-view?lot_id=23468941,O`zbekiston tumani,Dehqon xo‘jaligi yuritish uchun yer uchastkalarini ijaraga berish,Dehqon xo`jaligi yerlari(Auksion),17119539.36,21399424.2,0.8,3,0,0,0,0,0,0,3782
23452339,https://e-auksion.uz/lot-view?lot_id=23452339,Rishton tumani,Yoshlarga dehqon xo‘jaligini yuritish uchun yer uchastkalari,Yoshlarga dehqon xo‘jaligini yuritish uchun yer uchastkalari,19482959.2,24353699.0,0.7999999999999999,3,0,0,0,0,0,0,3782
23468952,https://e-auksion.uz/lot-view?lot_id=23468952,O`zbekiston tumani,Dehqon xo‘jaligi yuritish uchun yer uchastkalarini ijaraga berish,Dehqon xo`jaligi yerlari(Auksion),18222446.88,22778058.6,0.7999999999999999,3,0,0,0,0,0,0,3782
23452333,https://e-auksion.uz/lot-view?lot_id=23452333,Rishton tumani,Yoshlarga dehqon xo‘jaligini yuritish uchun yer uchastkalari,Yoshlarga dehqon xo‘jaligini yuritish uchun yer uchastkalari,26536346.4,33170433.0,0.7999999999999999,3,0,0,0,0,0,0,3782
22958166,https://e-auksion.uz/lot-view?lot_id=22958166,Dang`ara tumani,Yengil,Odatiy sozlama,41795600.0,59708000.0,0.7,1,0,0,0,0,0,0,249
23468971,https://e-auksion.uz/lot-view?lot_id=23468971,Beshariq tumani,Dehqon xo‘jaligi yuritish uchun yer uchastkalarini ijaraga berish,Dehqon xo`jaligi yerlari(Auksion),11657047.28,14571309.1,0.7999999999999999,3,0,0,0,0,0,0,3782
23452338,https://e-auksion.uz/lot-view?lot_id=23452338,O`zbekiston tumani,Yoshlarga dehqon xo‘jaligini yuritish uchun yer uchastkalari,Yoshlarga dehqon xo‘jaligini yuritish uchun yer uchastkalari,14077407.16,17596758.96,0.7999999995453708,3,0,0,0,0,0,0,3782
23136484,https://e-auksion.uz/lot-view?lot_id=23136484,Oltiariq tumani,Yengil,Odatiy sozlama,29031145.5,41473065.0,0.7,1,0,0,0,0,0,0,249
23468942,https://e-auksion.uz/lot-view?lot_id=23468942,O`zbekiston tumani,Dehqon xo‘jaligi yuritish uchun yer uchastkalarini ijaraga berish,Dehqon xo`jaligi yerlari(Auksion),16982491.68,21228114.6,0.7999999999999999,3,0,0,0,0,0,0,3782
23136611,https://e-auksion.uz/lot-view?lot_id=23136611,Bag`dod tumani,Yuk,Odatiy sozlama,50394133.3,71991619.0,0.7,1,0,0,0,0,0,0,249
23468962,https://e-auksion.uz/lot-view?lot_id=23468962,O`zbekiston tumani,Dehqon xo‘jaligi yuritish uchun yer uchastkalarini ijaraga berish,Dehqon xo`jaligi yerlari(Auksion),14673890.88,18342363.6,0.7999999999999999,3,0,0,0,0,0,0,3782
23172729,https://e-auksion.uz/lot-view?lot_id=23172729,Yozyovon tumani,Yuk,Odatiy sozlama,9502962.0,13575660.0,0.7,1,0,0,0,0,0,0,249
23468960,https://e-auksion.uz/lot-view?lot_id=23468960,O`zbekiston tumani,Dehqon xo‘jaligi yuritish uchun yer uchastkalarini ijaraga berish,Dehqon xo`jaligi yerlari(Auksion),17439317.28,21799146.6,0.8,3,0,0,0,0,0,0,3782
23468949,https://e-auksion.uz/lot-view?lot_id=23468949,O`zbekiston tumani,Dehqon xo‘jaligi yuritish uchun yer uchastkalarini ijaraga berish,Dehqon xo`jaligi yerlari(Auksion),17119539.36,21399424.2,0.8,3,0,0,0,0,0,0,3782
23468945,https://e-auksion.uz/lot-view?lot_id=23468945,O`zbekiston tumani,Dehqon xo‘jaligi yuritish uchun yer uchastkalarini ijaraga berish,Dehqon xo`jaligi yerlari(Auksion),17119539.36,21399424.2,0.8,3,0,0,0,0,0,0,3782
23468963,https://e-auksion.uz/lot-view?lot_id=23468963,Quva tumani,Dehqon xo‘jaligi yuritish uchun yer uchastkalarini ijaraga berish,Dehqon xo`jaligi yerlari(Auksion),9443890.4,11804863.0,0.8,3,0,0,0,0,0,0,3782
23468972,https://e-auksion.uz/lot-view?lot_id=23468972,Beshariq tumani,Dehqon xo‘jaligi yuritish uchun yer uchastkalarini ijaraga berish,Dehqon xo`jaligi yerlari(Auksion),11657047.28,14571309.1,0.7999999999999999,3,0,0,0,0,0,0,3782
23452340,https://e-auksion.uz/lot-view?lot_id=23452340,O`zbekiston tumani,Yoshlarga dehqon xo‘jaligini yuritish uchun yer uchastkalari,Yoshlarga dehqon xo‘jaligini yuritish uchun yer uchastkalari,25241245.92,31551557.4,0.8,3,0,0,0,0,0,0,3782
23468970,https://e-auksion.uz/lot-view?lot_id=23468970,Quva tumani,Dehqon xo‘jaligi yuritish uchun yer uchastkalarini ijaraga berish,Dehqon xo`jaligi yerlari(Auksion),9500667.28,11875834.1,0.7999999999999999,3,0,0,0,0,0,0,3782
23452329,https://e-auksion.uz/lot-view?lot_id=23452329,O`zbekiston tumani,Yoshlarga dehqon xo‘jaligini yuritish uchun yer uchastkalari,Yoshlarga dehqon xo‘jaligini yuritish uchun yer uchastkalari,14077407.16,17596758.96,0.7999999995453708,3,0,0,0,0,0,0,3782
22924187,https://e-auksion.uz/lot-view?lot_id=22924187,Toshloq tumani,Maxsus texnikalar,Odatiy sozlama,517717206.3,739596009.0,0.7000000000000001,1,0,0,0,0,0,0,249
23452335,https://e-auksion.uz/lot-view?lot_id=23452335,Beshariq tumani,Yoshlarga dehqon xo‘jaligini yuritish uchun yer uchastkalari,Yoshlarga dehqon xo‘jaligini yuritish uchun yer uchastkalari,59884941.6,74856177.0,0.8,3,0,0,0,0,0,0,3782
22798126,https://e-auksion.uz/lot-view?lot_id=22798126,Qo`qon shahri,Yengil,Odatiy sozlama,32360300.0,46229000.0,0.7,1,0,0,0,0,0,0,249
23468978,https://e-auksion.uz/lot-view?lot_id=23468978,Quva tumani,Dehqon xo‘jaligi yuritish uchun yer uchastkalarini ijaraga berish,Dehqon xo`jaligi yerlari(Auksion),9500667.28,11875834.1,0.7999999999999999,3,0,0,0,0,0,0,3782
23468948,https://e-auksion.uz/lot-view?lot_id=23468948,O`zbekiston tumani,Dehqon xo‘jaligi yuritish uchun yer uchastkalarini ijaraga berish,Dehqon xo`jaligi yerlari(Auksion),14605367.04,18256708.8,0.7999999999999999,3,0,0,0,0,0,0,3782
23468935,https://e-auksion.uz/lot-view?lot_id=23468935,O`zbekiston tumani,Dehqon xo‘jaligi yuritish uchun yer uchastkalarini ijaraga berish,Dehqon xo`jaligi yerlari(Auksion),17710312.76,22137890.94,0.8000000003613714,3,0,0,0,0,0,0,3782
23468975,https://e-auksion.uz/lot-view?lot_id=23468975,Quva tumani,Dehqon xo‘jaligi yuritish uchun yer uchastkalarini ijaraga berish,Dehqon xo`jaligi yerlari(Auksion),9443890.4,11804863.0,0.8,3,0,0,0,0,0,0,3782
23300004,https://e-auksion.uz/lot-view?lot_id=23300004,Buvayda tumani,Yengil,Odatiy sozlama,22805300.0,32579000.0,0.7,1,0,0,0,0,0,0,249
22958167,https://e-auksion.uz/lot-view?lot_id=22958167,Dang`ara tumani,Yengil,Odatiy sozlama,36535100.0,52193000.0,0.7,1,0,0,0,0,0,0,249
22867244,https://e-auksion.uz/lot-view?lot_id=22867244,Qo`qon shahri,Yengil,Odatiy sozlama,80473819.3,114962599.0,0.7,1,0,0,0,0,0,0,249
23468976,https://e-auksion.uz/lot-view?lot_id=23468976,Quva tumani,Dehqon xo‘jaligi yuritish uchun yer uchastkalarini ijaraga berish,Dehqon xo`jaligi yerlari(Auksion),9349262.24,11686577.8,0.7999999999999999,3,0,0,0,0,0,0,3782
23468969,https://e-auksion.uz/lot-view?lot_id=23468969,Beshariq tumani,Dehqon xo‘jaligi yuritish uchun yer uchastkalarini ijaraga berish,Dehqon xo`jaligi yerlari(Auksion),8040456.88,10050571.1,0.8,3,0,0,0,0,0,0,3782
23452336,https://e-auksion.uz/lot-view?lot_id=23452336,O`zbekiston tumani,Yoshlarga dehqon xo‘jaligini yuritish uchun yer uchastkalari,Yoshlarga dehqon xo‘jaligini yuritish uchun yer uchastkalari,57919775.76,72399719.7,0.7999999999999999,3,0,0,0,0,0,0,3782
22759051,https://e-auksion.uz/lot-view?lot_id=22759051,Qo`qon shahri,Yengil,Odatiy sozlama,49600600.0,70858000.0,0.7,1,0,0,0,0,0,0,249
22797916,https://e-auksion.uz/lot-view?lot_id=22797916,O`zbekiston tumani,Yengil,Odatiy sozlama,15745100.0,22493000.0,0.7,1,0,0,0,0,0,0,249
23452334,https://e-auksion.uz/lot-view?lot_id=23452334,Rishton tumani,Yoshlarga dehqon xo‘jaligini yuritish uchun yer uchastkalari,Yoshlarga dehqon xo‘jaligini yuritish uchun yer uchastkalari,13704768.0,17130960.0,0.8,3,0,0,0,0,0,0,3782
23468803,https://e-auksion.uz/lot-view?lot_id=23468803,Furqat tumani,Dehqon xo‘jaligi yuritish uchun yer uchastkalarini ijaraga berish,Dehqon xo`jaligi yerlari(Auksion),11983677.52,14979596.9,0.7999999999999999,3,0,0,0,0,0,0,3782
23468964,https://e-auksion.uz/lot-view?lot_id=23468964,O`zbekiston tumani,Dehqon xo‘jaligi yuritish uchun yer uchastkalarini ijaraga berish,Dehqon xo`jaligi yerlari(Auksion),16982491.68,21228114.6,0.7999999999999999,3,0,0,0,0,0,0,3782
23468967,https://e-auksion.uz/lot-view?lot_id=23468967,O`zbekiston tumani,Dehqon xo‘jaligi yuritish uchun yer uchastkalarini ijaraga berish,Dehqon xo`jaligi yerlari(Auksion),14673890.88,18342363.6,0.7999999999999999,3,0,0,0,0,0,0,3782
23468968,https://e-auksion.uz/lot-view?lot_id=23468968,Beshariq tumani,Dehqon xo‘jaligi yuritish uchun yer uchastkalarini ijaraga berish,Dehqon xo`jaligi yerlari(Auksion),11657047.28,14571309.1,0.7999999999999999,3,0,0,0,0,0,0,3782
23136483,https://e-auksion.uz/lot-view?lot_id=23136483,Qo`qon shahri,Yengil,Odatiy sozlama,49769300.0,71099000.0,0.7,1,0,0,0,0,0,0,249
23300141,https://e-auksion.uz/lot-view?lot_id=23300141,Rishton tumani,Maxsus texnikalar,Odatiy sozlama,572726700.0,818181000.0,0.7,2,0,0,0,0,0,0,249
23452337,https://e-auksion.uz/lot-view?lot_id=23452337,Beshariq tumani,Yoshlarga dehqon xo‘jaligini yuritish uchun yer uchastkalari,Yoshlarga dehqon xo‘jaligini yuritish uchun yer uchastkalari,59884941.6,74856177.0,0.8,3,0,0,0,0,0,0,3782
23468977,https://e-auksion.uz/lot-view?lot_id=23468977,Quva tumani,Dehqon xo‘jaligi yuritish uchun yer uchastkalarini ijaraga berish,Dehqon xo`jaligi yerlari(Auksion),9595295.44,11994119.3,0.7999999999999999,3,0,0,0,0,0,0,3782
23136460,https://e-auksion.uz/lot-view?lot_id=23136460,Quvasoy shahri,Noturar-joy obyektlari,Odatiy sozlama,1213842339.5,1734060485.0,0.7,1,0,0,0,0,0,0,249
23468961,https://e-auksion.uz/lot-view?lot_id=23468961,O`zbekiston tumani,Dehqon xo‘jaligi yuritish uchun yer uchastkalarini ijaraga berish,Dehqon xo`jaligi yerlari(Auksion),14605367.04,18256708.8,0.7999999999999999,3,0,0,0,0,0,0,3782
23468973,https://e-auksion.uz/lot-view?lot_id=23468973,Beshariq tumani,Dehqon xo‘jaligi yuritish uchun yer uchastkalarini ijaraga berish,Dehqon xo`jaligi yerlari(Auksion),11657047.28,14571309.1,0.7999999999999999,3,0,0,0,0,0,0,3782
23468966,https://e-auksion.uz/lot-view?lot_id=23468966,O`zbekiston tumani,Dehqon xo‘jaligi yuritish uchun yer uchastkalarini ijaraga berish,Dehqon xo`jaligi yerlari(Auksion),14673890.88,18342363.6,0.7999999999999999,3,0,0,0,0,0,0,3782
22759086,https://e-auksion.uz/lot-view?lot_id=22759086,Dang`ara tumani,Yengil,Odatiy sozlama,11458300.0,16369000.0,0.7,1,0,0,0,0,0,0,249
23468943,https://e-auksion.uz/lot-view?lot_id=23468943,O`zbekiston tumani,Dehqon xo‘jaligi yuritish uchun yer uchastkalarini ijaraga berish,Dehqon xo`jaligi yerlari(Auksion),16982491.68,21228114.6,0.7999999999999999,3,0,0,0,0,0,0,3782
23468974,https://e-auksion.uz/lot-view?lot_id=23468974,Beshariq tumani,Dehqon xo‘jaligi yuritish uchun yer uchastkalarini ijaraga berish,Dehqon xo`jaligi yerlari(Auksion),14034335.04,17542918.8,0.7999999999999999,3,0,0,0,0,0,0,3782
23172725,https://e-auksion.uz/lot-view?lot_id=23172725,Furqat tumani,Yuk,Odatiy sozlama,43633396.1,62333423.0,0.7000000000000001,1,0,0,0,0,0,0,249
23468965,https://e-auksion.uz/lot-view?lot_id=23468965,O`zbekiston tumani,Dehqon xo‘jaligi yuritish uchun yer uchastkalarini ijaraga berish,Dehqon xo`jaligi yerlari(Auksion),16982491.68,21228114.6,0.7999999999999999,3,0,0,0,0,0,0,3782
23452331,https://e-auksion.uz/lot-view?lot_id=23452331,Rishton tumani,Yoshlarga dehqon xo‘jaligini yuritish uchun yer uchastkalari,Yoshlarga dehqon xo‘jaligini yuritish uchun yer uchastkalari,26536346.4,33170433.0,0.7999999999999999,3,0,0,0,0,0,0,3782
22729459,https://e-auksion.uz/lot-view?lot_id=22729459,Dang`ara tumani,Yengil,Odatiy sozlama,112762300.0,161089000.0,0.7,1,0,0,0,0,0,0,249
23229931,https://e-auksion.uz/lot-view?lot_id=23229931,Yozyovon tumani,Yengil,Odatiy sozlama,25618754.7,36598221.0,0.7,1,0,0,0,0,0,0,249
